Date,AAPL,AMZN,GOOGL,MSFT,NFLX,AAPL_Return%,AMZN_Return%,GOOGL_Return%,MSFT_Return%,NFLX_Return%
2024-04-23,165.39476013183594,179.5399932861328,156.96267700195312,401.408935546875,57.775001525878906,,,,,
2024-04-24,167.49563598632812,176.58999633789062,157.8255615234375,402.8763732910156,55.512001037597656,1.2702,-1.6431,0.5497,0.3656,-3.9169
2024-04-25,168.35780334472656,173.6699981689453,154.72122192382812,393.0078430175781,56.47999954223633,0.5147,-1.6535,-1.9669,-2.4495,1.7438
2024-04-26,167.77310180664062,179.6199951171875,170.5404815673828,400.17779541015625,56.12300109863281,-0.3473,3.426,10.2244,1.8244,-0.6321
2024-04-29,171.93524169921875,180.9600067138672,164.78802490234375,396.1693420410156,55.94900131225586,2.4808,0.746,-3.3731,-1.0017,-0.31
2024-04-30,168.7938232421875,175.0,161.44566345214844,383.4446105957031,55.06399917602539,-1.8271,-3.2935,-2.0283,-3.2119,-1.5818
2024-05-01,167.77310180664062,179.0,162.5167999267578,388.9698181152344,55.17100143432617,-0.6047,2.2857,0.6635,1.4409,0.1943
2024-05-02,171.469482421875,184.72000122070312,165.25416564941406,391.82598876953125,56.51499938964844,2.2032,3.1955,1.6844,0.7343,2.4361
2024-05-03,181.7261199951172,186.2100067138672,165.86911010742188,400.51263427734375,57.933998107910156,5.9816,0.8066,0.3721,2.217,2.5108
2024-05-06,180.0712127685547,188.6999969482422,166.7220458984375,407.28863525390625,59.696998596191406,-0.9107,1.3372,0.5142,1.6918,3.0431
2024-05-07,180.75498962402344,188.75999450683594,169.84620666503906,403.1521301269531,60.599998474121094,0.3797,0.0318,1.8739,-1.0156,1.5126
2024-05-08,181.0919189453125,188.0,167.99156188964844,404.3340148925781,60.946998596191406,0.1864,-0.4026,-1.092,0.2932,0.5726
2024-05-09,182.9053955078125,189.5,168.56680297851562,406.0871276855469,61.20899963378906,1.0014,0.7979,0.3424,0.4336,0.4299
2024-05-10,181.6451416015625,187.47999572753906,167.26754760742188,408.4704895019531,61.08700180053711,-0.689,-1.066,-0.7708,0.5869,-0.1993
2024-05-13,184.85037231445312,186.57000732421875,167.75352478027344,407.4659423828125,61.659000396728516,1.7646,-0.4854,0.2905,-0.2459,0.9364
2024-05-14,185.99154663085938,187.07000732421875,168.9436798095703,410.2630310058594,61.36600112915039,0.6174,0.268,0.7095,0.6865,-0.4752
2024-05-15,188.26397705078125,185.99000549316406,171.09588623046875,417.43597412109375,61.35200119018555,1.2218,-0.5773,1.2739,1.7484,-0.0228
2024-05-16,188.38304138183594,183.6300048828125,172.752197265625,415.3739013671875,61.051998138427734,0.0632,-1.2689,0.9681,-0.494,-0.489
2024-05-17,188.41282653808594,184.6999969482422,174.61680603027344,414.604248046875,62.11000061035156,0.0158,0.5827,1.0794,-0.1853,1.733
2024-05-20,189.57382202148438,183.5399932861328,175.4697265625,419.6658935546875,64.08200073242188,0.6162,-0.628,0.4885,1.2208,3.175
2024-05-21,190.87379455566406,183.14999389648438,176.39212036132812,423.3165283203125,65.06099700927734,0.6857,-0.2125,0.5257,0.8699,1.5277
2024-05-22,189.43490600585938,183.1300048828125,174.93418884277344,424.7767639160156,64.0469970703125,-0.7538,-0.0109,-0.8265,0.345,-1.5585
2024-05-23,185.44577026367188,181.0500030517578,172.12738037109375,421.3037109375,63.56700134277344,-2.1058,-1.1358,-1.6045,-0.8176,-0.7494
2024-05-24,188.52195739746094,180.75,173.5555877685547,424.42156982421875,64.67500305175781,1.6588,-0.1657,0.8297,0.7401,1.743
2024-05-28,188.5319061279297,182.14999389648438,174.95399475097656,424.5794372558594,64.9000015258789,0.0053,0.7745,0.8057,0.0372,0.3479
2024-05-29,188.82960510253906,182.02000427246094,174.45809936523438,423.4447937011719,65.46199798583984,0.1579,-0.0714,-0.2834,-0.2672,0.8659
2024-05-30,189.82191467285156,179.32000732421875,170.6991729736328,409.13824462890625,64.76599884033203,0.5255,-1.4834,-2.1546,-3.3786,-1.0632
2024-05-31,190.77455139160156,176.44000244140625,171.0859832763672,409.5921325683594,64.16200256347656,0.5019,-1.6061,0.2266,0.1109,-0.9326
2024-06-03,192.5408935546875,178.33999633789062,171.75048828125,408.0035400390625,63.37900161743164,0.9259,1.0768,0.3884,-0.3878,-1.2203
2024-06-04,192.8584442138672,179.33999633789062,172.3654022216797,410.51953125,63.1619987487793,0.1649,0.5607,0.358,0.6167,-0.3424
2024-06-05,194.36676025390625,181.27999877929688,173.9721221923828,418.3536071777344,65.0270004272461,0.7821,1.0817,0.9322,1.9083,2.9527
2024-06-06,192.98741149902344,185.0,175.2812957763672,418.8567810058594,64.85199737548828,-0.7097,2.0521,0.7525,0.1203,-0.2691
2024-06-07,195.3789520263672,184.3000030517578,173.02993774414062,418.1957702636719,64.14700317382812,1.2392,-0.3784,-1.2844,-0.1578,-1.0871
2024-06-10,191.6378631591797,187.05999755859375,173.7746124267578,422.162109375,64.44999694824219,-1.9148,1.4976,0.4304,0.9484,0.4723
2024-06-11,205.5601806640625,187.22999572753906,175.3732452392578,426.907958984375,64.8550033569336,7.2649,0.0909,0.9199,1.1242,0.6284
2024-06-12,211.43475341796875,186.88999938964844,176.53497314453125,435.1761169433594,65.00599670410156,2.8578,-0.1816,0.6624,1.9368,0.2328
2024-06-13,212.59579467773438,183.8300018310547,173.9235382080078,435.6892395019531,65.32599639892578,0.5491,-1.6373,-1.4793,0.1179,0.4923
2024-06-14,210.85922241210938,183.66000366210938,175.5420379638672,436.666015625,66.93800354003906,-0.8168,-0.0925,0.9306,0.2242,2.4676
2024-06-17,215.0071258544922,184.05999755859375,175.9888916015625,442.38861083984375,67.58300018310547,1.9671,0.2178,0.2546,1.3105,0.9636
2024-06-18,212.64540100097656,182.80999755859375,173.8540496826172,440.3857421875,68.56700134277344,-1.0984,-0.6791,-1.2131,-0.4527,1.456
2024-06-20,208.0707550048828,186.10000610351562,175.05552673339844,439.7543029785156,67.90299987792969,-2.1513,1.7997,0.6911,-0.1434,-0.9684
2024-06-21,205.8975830078125,189.0800018310547,178.3620147705078,443.7798156738281,68.61199951171875,-1.0444,1.6013,1.8888,0.9154,1.0441
2024-06-24,206.54258728027344,185.57000732421875,177.95489501953125,441.6980285644531,66.9020004272461,0.3133,-1.8564,-0.2283,-0.4691,-2.4923
2024-06-25,207.46548461914062,186.33999633789062,182.73092651367188,444.9342346191406,67.24099731445312,0.4468,0.4149,2.6838,0.7327,0.5067
2024-06-26,211.6133575439453,193.61000061035156,182.5819854736328,446.1280822753906,67.76899719238281,1.9993,3.9015,-0.0815,0.2683,0.7852
2024-06-27,212.4568634033203,197.85000610351562,184.1011962890625,446.80889892578125,68.43399810791016,0.3986,2.19,0.8321,0.1526,0.9813
2024-06-28,209.00357055664062,193.25,180.86422729492188,440.9875793457031,67.48799896240234,-1.6254,-2.325,-1.7583,-1.3029,-1.3824
2024-07-01,215.08651733398438,197.1999969482422,181.69830322265625,450.6370849609375,67.36100006103516,2.9105,2.044,0.4612,2.1882,-0.1882
2024-07-02,218.57949829101562,200.0,183.93240356445312,453.153076171875,67.95800018310547,1.624,1.4199,1.2296,0.5583,0.8863
2024-07-03,219.8496856689453,197.58999633789062,184.50833129882812,454.6231994628906,68.2509994506836,0.5811,-1.205,0.3131,0.3244,0.4311
2024-07-05,224.60292053222656,200.0,189.2545623779297,461.3226318359375,69.06500244140625,2.162,1.2197,2.5724,1.4736,1.1927
2024-07-08,226.0715789794922,199.2899932861328,187.6956329345703,460.0202331542969,68.5739974975586,0.6539,-0.355,-0.8237,-0.2823,-0.7109
2024-07-09,226.92494201660156,199.33999633789062,187.64601135253906,453.4096374511719,68.5739974975586,0.3775,0.0251,-0.0264,-1.437,0.0
2024-07-10,231.19195556640625,199.7899932861328,189.83045959472656,460.0301208496094,67.76499938964844,1.8804,0.2257,1.1641,1.4602,-1.1797
2024-07-11,225.823486328125,195.0500030517578,184.2600860595703,448.63421630859375,65.2750015258789,-2.3221,-2.3725,-2.9344,-2.4772,-3.6745
2024-07-12,228.77069091796875,194.49000549316406,183.7635955810547,447.4995422363281,64.76000213623047,1.3051,-0.2871,-0.2695,-0.2529,-0.789
2024-07-15,232.60107421875,192.72000122070312,185.21327209472656,447.9040832519531,65.6449966430664,1.6743,-0.9101,0.7889,0.0904,1.3666
2024-07-16,233.01785278320312,193.02000427246094,182.62168884277344,443.5232849121094,65.63200378417969,0.1792,0.1557,-1.3992,-0.9781,-0.0198
2024-07-17,227.12344360351562,187.92999267578125,179.74220275878906,437.60333251953125,64.74600219726562,-2.5296,-2.637,-1.5767,-1.3348,-1.35
2024-07-18,222.45948791503906,183.75,176.43569946289062,434.4953308105469,64.30400085449219,-2.0535,-2.2242,-1.8396,-0.7102,-0.6827
2024-07-19,222.58848571777344,183.1300048828125,176.40589904785156,431.2788391113281,63.33399963378906,0.058,-0.3374,-0.0169,-0.7403,-1.5085
2024-07-22,222.24119567871094,182.5500030517578,180.38760375976562,437.0310974121094,64.75,-0.156,-0.3167,2.2571,1.3338,2.2358
2024-07-23,223.2831268310547,186.41000366210938,180.5067596435547,438.9156188964844,64.2760009765625,0.4688,2.1145,0.0661,0.4312,-0.732
2024-07-24,216.86276245117188,180.8300018310547,171.41143798828125,423.1783752441406,63.5989990234375,-2.8754,-2.9934,-5.0388,-3.5855,-1.0533
2024-07-25,215.82086181640625,179.85000610351562,166.0991973876953,412.8184509277344,63.409000396728516,-0.4804,-0.5419,-3.0991,-2.4481,-0.2987
2024-07-26,216.2872314453125,182.5,165.8211669921875,419.5967712402344,63.137001037597656,0.2161,1.4734,-0.1674,1.642,-0.429
2024-07-29,216.56509399414062,183.1999969482422,168.33328247070312,421.0373229980469,62.69599914550781,0.1285,0.3836,1.515,0.3433,-0.6985
2024-07-30,217.1208038330078,181.7100067138672,169.0879364013672,417.2781982421875,62.257999420166016,0.2566,-0.8133,0.4483,-0.8928,-0.6986
2024-07-31,220.3756103515625,186.97999572753906,170.3291015625,412.7691650390625,62.834999084472656,1.4991,2.9002,0.734,-1.0806,0.9268
2024-08-01,216.68414306640625,184.07000732421875,169.55462646484375,411.5456237792969,62.48500061035156,-1.6751,-1.5563,-0.4547,-0.2964,-0.557
2024-08-02,218.17263793945312,167.89999389648438,165.4835662841797,403.0406494140625,61.36399841308594,0.6869,-8.7847,-2.401,-2.0666,-1.794
2024-08-05,207.66395568847656,161.02000427246094,158.1258544921875,389.87860107421875,59.85499954223633,-4.8167,-4.0977,-4.4462,-3.2657,-2.4591
2024-08-06,205.6395721435547,161.92999267578125,157.17262268066406,394.2790832519531,60.957000732421875,-0.9748,0.5651,-0.6028,1.1287,1.8411
2024-08-07,208.20970153808594,162.77000427246094,157.81805419921875,393.1148681640625,61.14799880981445,1.2498,0.5187,0.4107,-0.2953,0.3133
2024-08-08,211.67291259765625,165.8000030517578,160.88623046875,397.3180236816406,63.03499984741211,1.6633,1.8615,1.9441,1.0692,3.086
2024-08-09,214.5804443359375,166.94000244140625,162.51467895507812,400.6036071777344,63.39400100708008,1.3736,0.6876,1.0122,0.8269,0.5695
2024-08-12,216.11038208007812,166.8000030517578,161.14437866210938,401.3830261230469,63.31399917602539,0.713,-0.0839,-0.8432,0.1946,-0.1262
2024-08-13,219.82598876953125,170.22999572753906,163.00119018554688,408.487060546875,64.802001953125,1.7193,2.0564,1.1523,1.7699,2.3502
2024-08-14,220.27304077148438,170.10000610351562,159.23793029785156,411.2989501953125,66.16799926757812,0.2034,-0.0764,-2.3087,0.6884,2.108
2024-08-15,223.2534637451172,177.58999633789062,160.16139221191406,416.1620788574219,66.3219985961914,1.3531,4.4033,0.5799,1.1824,0.2327
2024-08-16,224.57481384277344,177.05999755859375,161.80967712402344,413.6317138671875,67.40699768066406,0.5919,-0.2984,1.0291,-0.608,1.636
2024-08-19,224.41583251953125,178.22000122070312,165.4934844970703,416.6563415527344,68.85299682617188,-0.0708,0.6551,2.2766,0.7312,2.1452
2024-08-20,225.03179931640625,178.8800048828125,165.9998779296875,419.88848876953125,69.85399627685547,0.2745,0.3703,0.306,0.7757,1.4538
2024-08-21,224.92251586914062,180.11000061035156,164.6792755126953,419.2362060546875,69.71199798583984,-0.0486,0.6876,-0.7955,-0.1553,-0.2033
2024-08-22,223.06471252441406,176.1300048828125,162.64373779296875,410.7454833984375,68.89600372314453,-0.826,-2.2098,-1.2361,-2.0253,-1.1705
2024-08-23,225.35963439941406,177.0399932861328,164.4508819580078,411.97113037109375,68.6729965209961,1.0288,0.5167,1.1111,0.2984,-0.3237
2024-08-26,225.69741821289062,175.5,164.98707580566406,408.7092590332031,68.84400177001953,0.1499,-0.8699,0.3261,-0.7918,0.249
2024-08-27,226.54188537597656,173.1199951171875,163.51751708984375,409.05523681640625,69.5719985961914,0.3742,-1.3561,-0.8907,0.0847,1.0575
2024-08-28,225.0119171142578,170.8000030517578,161.70045471191406,405.85272216796875,68.38400268554688,-0.6754,-1.3401,-1.1112,-0.7829,-1.7076
2024-08-29,228.29039001464844,172.1199951171875,160.6380157470703,408.3435363769531,69.24800109863281,1.457,0.7728,-0.657,0.6137,1.2635
2024-08-30,227.5055389404297,178.5,162.2267303466797,412.31707763671875,70.13500213623047,-0.3438,3.7067,0.989,0.9731,1.2809
2024-09-03,221.3162078857422,176.25,156.24920654296875,404.70611572265625,67.53199768066406,-2.7205,-1.2605,-3.6847,-1.8459,-3.7114
2024-09-04,219.4087371826172,173.3300018310547,155.34564208984375,404.17236328125,67.96800231933594,-0.8619,-1.6567,-0.5783,-0.1319,0.6456
2024-09-05,220.9287567138672,177.88999938964844,156.13003540039062,403.6682434082031,68.36199951171875,0.6928,2.6308,0.5049,-0.1247,0.5797
2024-09-06,219.37892150878906,171.38999938964844,149.8546600341797,397.05560302734375,66.5770034790039,-0.7015,-3.6539,-4.0193,-1.6381,-2.6111
2024-09-09,219.4683380126953,175.39999389648438,147.85623168945312,401.0291442871094,67.54199981689453,0.0408,2.3397,-1.3336,1.0008,1.4494
2024-09-10,218.67355346679688,179.5500030517578,147.80650329589844,409.4111328125,67.36199951171875,-0.3621,2.366,-0.0336,2.0901,-0.2665
2024-09-11,221.20692443847656,184.52000427246094,150.29214477539062,418.1488952636719,68.14700317382812,1.1585,2.768,1.6817,2.1342,1.1654
2024-09-12,221.3162078857422,187.0,153.8018798828125,422.0630798339844,68.68000030517578,0.0494,1.344,2.3353,0.9361,0.7821
2024-09-13,221.04794311523438,186.49000549316406,156.5559844970703,425.611572265625,69.70600128173828,-0.1212,-0.2727,1.7907,0.8407,1.4939
2024-09-16,214.90830993652344,184.88999938964844,157.1525115966797,426.3529052734375,69.6500015258789,-2.7775,-0.858,0.381,0.1742,-0.0803
2024-09-17,215.37521362304688,186.8800048828125,158.40528869628906,430.1188659667969,70.69100189208984,0.2173,1.0763,0.7972,0.8833,1.4946
2024-09-18,219.24977111816406,186.42999267578125,158.8924560546875,425.82904052734375,69.0469970703125,1.799,-0.2408,0.3075,-0.9974,-2.3256
2024-09-19,227.3763885498047,189.8699951171875,161.20909118652344,433.617919921875,70.43199920654297,3.7066,1.8452,1.458,1.8291,2.0059
2024-09-20,226.7107391357422,191.60000610351562,162.65077209472656,430.2374572753906,70.10299682617188,-0.2928,0.9112,0.8943,-0.7796,-0.4671
2024-09-23,224.99205017089844,193.8800048828125,160.9207763671875,428.4978332519531,70.53700256347656,-0.7581,1.19,-1.0636,-0.4043,0.6191
2024-09-24,225.8861541748047,193.9600067138672,161.3582305908203,424.2080078125,72.22599792480469,0.3974,0.0413,0.2718,-1.0011,2.3945
2024-09-25,224.8927001953125,192.52999877929688,160.56283569335938,427.114013671875,72.15599822998047,-0.4398,-0.7373,-0.4929,0.685,-0.0969
2024-09-26,226.03518676757812,191.16000366210938,161.7957000732422,426.3232421875,71.14299774169922,0.508,-0.7116,0.7678,-0.1851,-1.4039
2024-09-27,226.30343627929688,187.97000122070312,163.00868225097656,423.0712890625,70.73500061035156,0.1187,-1.6688,0.7497,-0.7628,-0.5735
2024-09-30,231.4794464111328,186.3300018310547,164.89779663085938,425.3249206542969,70.927001953125,2.2872,-0.8725,1.1589,0.5327,0.2714
2024-10-01,224.73374938964844,185.1300048828125,166.03126525878906,415.8260498046875,70.61299896240234,-2.9142,-0.644,0.6874,-2.2333,-0.4427
2024-10-02,225.30003356933594,184.75999450683594,164.90773010253906,412.3072204589844,71.10900115966797,0.252,-0.1999,-0.6767,-0.8462,0.7024
2024-10-03,224.197265625,181.9600067138672,164.90773010253906,411.7240295410156,70.68000030517578,-0.4895,-1.5155,0.0,-0.1414,-0.6033
2024-10-04,225.31988525390625,186.50999450683594,166.10086059570312,411.24957275390625,71.97000122070312,0.5007,2.5005,0.7235,-0.1152,1.8251
2024-10-07,220.2432403564453,180.8000030517578,162.0442657470703,404.804931640625,70.19200134277344,-2.2531,-3.0615,-2.4422,-1.5671,-2.4705
2024-10-08,224.296630859375,182.72000122070312,163.4362335205078,409.9151916503906,72.1760025024414,1.8404,1.0619,0.859,1.2624,2.8265
2024-10-09,228.04200744628906,185.1699981689453,160.93069458007812,412.6334228515625,72.74299621582031,1.6698,1.3408,-1.533,0.6631,0.7856
2024-10-10,227.54525756835938,186.64999389648438,161.14942932128906,411.0321044921875,73.02899932861328,-0.2178,0.7993,0.1359,-0.3881,0.3932
2024-10-11,226.06500244140625,188.82000732421875,162.3027801513672,411.506591796875,72.27899932861328,-0.6505,1.1626,0.7157,0.1154,-1.027
2024-10-14,229.79052734375,187.5399932861328,164.01290893554688,414.2939758300781,71.30000305175781,1.648,-0.6779,1.0537,0.6774,-1.3545
2024-10-15,232.3238983154297,187.69000244140625,164.51004028320312,413.8985900878906,70.5979995727539,1.1025,0.08,0.3031,-0.0954,-0.9846
2024-10-16,230.26739501953125,186.88999938964844,164.21176147460938,411.30889892578125,70.19999694824219,-0.8852,-0.4262,-0.1813,-0.6257,-0.5638
2024-10-17,230.63497924804688,187.52999877929688,161.99456787109375,411.9019470214844,68.76499938964844,0.1596,0.3424,-1.3502,0.1442,-2.0442
2024-10-18,233.46636962890625,188.99000549316406,162.4817352294922,413.3253173828125,76.38899993896484,1.2277,0.7785,0.3007,0.3456,11.087
2024-10-21,234.93670654296875,189.07000732421875,163.1280059814453,413.9381408691406,77.20700073242188,0.6298,0.0423,0.3977,0.1483,1.0708
2024-10-22,234.32078552246094,189.6999969482422,164.19186401367188,422.56719970703125,76.42400360107422,-0.2622,0.3332,0.6522,2.0846,-1.0142
2024-10-23,229.25404357910156,184.7100067138672,161.8454132080078,419.69085693359375,74.92900085449219,-2.1623,-2.6305,-1.4291,-0.6807,-1.9562
2024-10-24,229.06529235839844,186.3800048828125,161.78578186035156,419.8193359375,75.45500183105469,-0.0823,0.9041,-0.0368,0.0306,0.702
2024-10-25,229.89981079101562,187.8300018310547,164.32113647460938,423.19976806640625,75.46800231933594,0.3643,0.778,1.5671,0.8052,0.0172
2024-10-28,231.87681579589844,188.38999938964844,165.76278686523438,421.6578369140625,74.91200256347656,0.8599,0.2981,0.8773,-0.3644,-0.7367
2024-10-29,232.1450653076172,190.8300018310547,168.70578002929688,426.9558410644531,75.94400024414062,0.1157,1.2952,1.7754,1.2565,1.3776
2024-10-30,228.59835815429688,192.72999572753906,173.45834350585938,427.5291442871094,75.3740005493164,-1.5278,0.9956,2.8171,0.1343,-0.7506
2024-10-31,224.43572998046875,186.39999389648438,170.12759399414062,401.65185546875,75.60299682617188,-1.8209,-3.2844,-1.9202,-6.0528,0.3038
2024-11-01,221.45529174804688,197.92999267578125,170.30654907226562,405.6253662109375,75.61000061035156,-1.328,6.1856,0.1052,0.9893,0.0093
2024-11-04,220.56114196777344,195.77999877929688,168.26832580566406,403.7374267578125,75.5510025024414,-0.4038,-1.0862,-1.1968,-0.4654,-0.078
2024-11-05,221.9917449951172,199.5,168.7654571533203,406.7027587890625,76.39099884033203,0.6486,1.9001,0.2954,0.7345,1.1118
2024-11-06,221.2665252685547,207.08999633789062,175.49658203125,415.32196044921875,78.02100372314453,-0.3267,3.8045,3.9884,2.1193,2.1338
2024-11-07,225.99545288085938,210.0500030517578,179.7122344970703,420.51123046875,79.65399932861328,2.1372,1.4293,2.4021,1.2495,2.093
2024-11-08,225.72691345214844,208.17999267578125,177.32601928710938,417.6546630859375,79.50399780273438,-0.1188,-0.8903,-1.3278,-0.6793,-0.1883
2024-11-11,223.01174926757812,206.83999633789062,179.31455993652344,413.17706298828125,80.54399871826172,-1.2029,-0.6437,1.1214,-1.0721,1.3081
2024-11-12,223.01174926757812,208.91000366210938,180.57723999023438,418.13897705078125,81.94999694824219,0.0,1.0008,0.7042,1.2009,1.7456
2024-11-13,223.89691162109375,214.10000610351562,177.85296630859375,420.2839050292969,83.0469970703125,0.3969,2.4843,-1.5086,0.513,1.3386
2024-11-14,226.98007202148438,211.47999572753906,174.57192993164062,421.9543762207031,83.72599792480469,1.377,-1.2237,-1.8448,0.3975,0.8176
2024-11-15,223.77757263183594,202.61000061035156,171.4996795654297,410.20184326171875,82.39600372314453,-1.4109,-4.1942,-1.7599,-2.7853,-1.5885
2024-11-18,226.7811737060547,201.6999969482422,174.2935333251953,410.95306396484375,84.70500183105469,1.3422,-0.4491,1.6291,0.1831,2.8023
2024-11-19,227.0397491455078,204.61000061035156,177.09732055664062,412.9595642089844,87.13200378417969,0.114,1.4427,1.6087,0.4883,2.8652
2024-11-20,227.75584411621094,202.8800048828125,174.96963500976562,410.6861267089844,88.38500213623047,0.3154,-0.8455,-1.2014,-0.5505,1.438
2024-11-21,227.27845764160156,198.3800048828125,166.66757202148438,408.913330078125,89.74800109863281,-0.2096,-2.2181,-4.7449,-0.4317,1.5421
2024-11-22,228.62112426757812,197.1199951171875,163.81405639648438,413.00372314453125,89.77899932861328,0.5908,-0.6351,-1.7121,1.0003,0.0345
2024-11-25,231.60479736328125,201.4499969482422,166.68743896484375,414.7765808105469,86.55899810791016,1.3051,2.1966,1.7541,0.4293,-3.5866
2024-11-26,233.7829132080078,207.86000061035156,168.14901733398438,423.888427734375,87.26000213623047,0.9404,3.1819,0.8768,2.1968,0.8099
2024-11-27,233.65362548828125,205.74000549316406,168.25839233398438,418.9363098144531,87.73400115966797,-0.0553,-1.0199,0.065,-1.1683,0.5432
2024-11-29,236.0405731201172,207.88999938964844,167.97999572753906,419.4018249511719,88.68099975585938,1.0216,1.045,-0.1655,0.1111,1.0794
2024-12-02,238.2882843017578,210.7100067138672,170.50543212890625,426.8497619628906,89.77400207519531,0.9523,1.3565,1.5034,1.7758,1.2325
2024-12-03,241.3316650390625,213.44000244140625,170.35629272460938,427.06768798828125,90.21700286865234,1.2772,1.2956,-0.0875,0.0511,0.4935
2024-12-04,241.68971252441406,218.16000366210938,173.36888122558594,433.22802734375,91.10600280761719,0.1484,2.2114,1.7684,1.4425,0.9854
2024-12-05,241.71954345703125,220.5500030517578,171.64883422851562,438.3782043457031,91.78700256347656,0.0123,1.0955,-0.9921,1.1888,0.7475
2024-12-06,241.5206298828125,227.02999877929688,173.70693969726562,439.3191223144531,93.4739990234375,-0.0823,2.9381,1.199,0.2146,1.8379
2024-12-09,245.40940856933594,226.08999633789062,174.56297302246094,441.74560546875,91.36900329589844,1.6101,-0.414,0.4928,0.5523,-2.252
2024-12-10,246.4238739013672,225.0399932861328,184.31788635253906,439.08135986328125,91.33499908447266,0.4134,-0.4644,5.5882,-0.6031,-0.0372
2024-12-11,245.15081787109375,230.25999450683594,194.50079345703125,444.68719482421875,93.65599822998047,-0.5166,2.3196,5.5246,1.2767,2.5412
2024-12-12,246.6128387451172,228.97000122070312,191.07664489746094,445.251708984375,92.55500030517578,0.5964,-0.5602,-1.7605,0.1269,-1.1756
2024-12-13,246.7819061279297,227.4600067138672,188.94647216796875,442.9836730957031,91.88700103759766,0.0686,-0.6595,-1.1148,-0.5094,-0.7217
2024-12-16,249.67608642578125,232.92999267578125,195.75498962402344,447.26226806640625,92.10800170898438,1.1728,2.4048,3.6034,0.9659,0.2405
2024-12-17,252.1028289794922,231.14999389648438,194.52069091796875,450.104736328125,91.91300201416016,0.972,-0.7642,-0.6305,0.6355,-0.2117
2024-12-18,246.70233154296875,220.52000427246094,187.5330047607422,433.19830322265625,88.95500183105469,-2.1422,-4.5987,-3.5923,-3.7561,-3.2183
2024-12-19,248.43289184570312,223.2899932861328,187.64248657226562,432.841796875,90.2040023803711,0.7015,1.2561,0.0584,-0.0823,1.4041
2024-12-20,253.10736083984375,224.9199981689453,190.52914428710938,432.41595458984375,90.90499877929688,1.8816,0.73,1.5384,-0.0984,0.7771
2024-12-23,253.8831329345703,225.05999755859375,193.73434448242188,431.078857421875,91.1449966430664,0.3065,0.0622,1.6823,-0.3092,0.264
2024-12-24,256.7972106933594,229.0500030517578,195.20753479003906,435.1197509765625,93.21199798583984,1.1478,1.7729,0.7604,0.9374,2.2678
2024-12-26,257.61273193359375,227.0500030517578,194.6998748779297,433.9114074707031,92.41400146484375,0.3176,-0.8732,-0.2601,-0.2777,-0.8561
2024-12-27,254.20138549804688,223.75,191.8729248046875,426.4040832519531,90.75499725341797,-1.3242,-1.4534,-1.452,-1.7302,-1.7952
2024-12-30,250.8297882080078,221.3000030517578,190.35995483398438,420.7586669921875,90.04299926757812,-1.3263,-1.095,-0.7885,-1.324,-0.7845
2024-12-31,249.0594482421875,219.38999938964844,188.42886352539062,417.46063232421875,89.13200378417969,-0.7058,-0.8631,-1.0144,-0.7838,-1.0117
2025-01-02,242.52516174316406,220.22000122070312,188.5582733154297,414.568603515625,88.6729965209961,-2.6236,0.3783,0.0687,-0.6928,-0.515
2025-01-03,242.03782653808594,224.19000244140625,190.9073944091797,419.2928771972656,88.1050033569336,-0.2009,1.8027,1.2458,1.1396,-0.6405
2025-01-06,243.66891479492188,227.61000061035156,195.96401977539062,423.7497863769531,88.17900085449219,0.6739,1.5255,2.6487,1.063,0.084
2025-01-07,240.89407348632812,222.11000061035156,194.59039306640625,418.322265625,87.91899871826172,-1.1388,-2.4164,-0.701,-1.2808,-0.2949
2025-01-08,241.38140869140625,222.1300048828125,193.05746459960938,420.49127197265625,87.5,0.2023,0.009,-0.7878,0.5185,-0.4766
2025-01-10,235.56320190429688,218.94000244140625,191.15625,414.9350280761719,83.76899719238281,-2.4104,-1.4361,-0.9848,-1.3214,-4.264
2025-01-13,233.12649536132812,218.4600067138672,190.1309814453125,413.19195556640625,84.02899932861328,-1.0344,-0.2192,-0.5364,-0.4201,0.3104
2025-01-14,232.01258850097656,217.75999450683594,188.78721618652344,411.68646240234375,82.83999633789062,-0.4778,-0.3204,-0.7068,-0.3644,-1.415
2025-01-15,236.57765197753906,223.35000610351562,194.65011596679688,422.2244873046875,84.82599639892578,1.9676,2.5671,3.1056,2.5597,2.3974
2025-01-16,227.0198516845703,220.66000366210938,192.02223205566406,420.5110778808594,84.23699951171875,-4.04,-1.2044,-1.3501,-0.4058,-0.6944
2025-01-17,228.7305145263672,225.94000244140625,195.09805297851562,424.91845703125,85.80999755859375,0.7535,2.3928,1.6018,1.0481,1.8673
2025-01-21,221.43038940429688,230.7100067138672,197.13861083984375,424.3935546875,86.96800231933594,-3.1916,2.1112,1.0459,-0.1235,1.3495
2025-01-22,222.61392211914062,235.00999450683594,197.45712280273438,441.9239196777344,95.39900207519531,0.5345,1.8638,0.1616,4.1307,9.6944
2025-01-23,222.44485473632812,235.4199981689453,197.0689239501953,442.4289855957031,98.48600006103516,-0.0759,0.1745,-0.1966,0.1143,3.2359
2025-01-24,221.5696258544922,234.85000610351562,199.28866577148438,439.8044128417969,97.75900268554688,-0.3935,-0.2421,1.1264,-0.5932,-0.7382
2025-01-27,228.6111602783203,235.4199981689453,190.9273223876953,430.39544677734375,97.18900299072266,3.178,0.2427,-4.1956,-2.1394,-0.5831
2025-01-28,236.96554565429688,238.14999389648438,194.4012451171875,442.9143371582031,97.18299865722656,3.6544,1.1596,1.8195,2.9087,-0.0062
2025-01-29,238.05955505371094,237.07000732421875,194.5107421875,438.0909729003906,97.81500244140625,0.4617,-0.4535,0.0563,-1.089,0.6503
2025-01-30,236.29916381835938,234.63999938964844,199.9456329345703,411.01300048828125,97.3239974975586,-0.7395,-1.025,2.7941,-6.1809,-0.502
2025-01-31,234.71780395507812,237.67999267578125,203.0811309814453,411.0823669433594,97.6760025024414,-0.6692,1.2956,1.5682,0.0169,0.3617
2025-02-03,226.7711944580078,237.4199981689453,200.303955078125,406.9820556640625,97.89399719238281,-3.3856,-0.1094,-1.3675,-0.9974,0.2232
2025-02-04,231.53518676757812,242.05999755859375,205.43028259277344,408.4180908203125,99.48699951171875,2.1008,1.9543,2.5593,0.3528,1.6273
2025-02-05,231.2069854736328,236.1699981689453,190.4495391845703,409.3293151855469,101.11100006103516,-0.1418,-2.4333,-7.2924,0.2231,1.6324
2025-02-06,231.95289611816406,238.8300018310547,190.71829223632812,411.83502197265625,101.56800079345703,0.3226,1.1263,0.1411,0.6121,0.452
2025-02-07,226.39328002929688,229.14999389648438,184.48707580566406,405.8232116699219,101.39299774169922,-2.3969,-4.0531,-3.2672,-1.4598,-0.1723
2025-02-10,226.66209411621094,233.13999938964844,185.6118927001953,408.26953125,102.76000213623047,0.1187,1.7412,0.6097,0.6028,1.3482
2025-02-11,231.6105499267578,232.75999450683594,184.46719360351562,407.4970397949219,100.80799865722656,2.1832,-0.163,-0.6167,-0.1892,-1.8996
2025-02-12,235.84210205078125,228.92999267578125,182.76504516601562,405.1200256347656,102.73100280761719,1.827,-1.6455,-0.9227,-0.5833,1.9076
2025-02-13,240.48187255859375,230.3699951171875,185.2834014892578,406.60565185546875,104.36900329589844,1.9673,0.629,1.3779,0.3667,1.5945
2025-02-14,243.53855895996094,228.67999267578125,184.37759399414062,404.515869140625,105.86000061035156,1.2711,-0.7336,-0.4889,-0.514,1.4286
2025-02-18,243.40911865234375,226.64999389648438,182.92431640625,405.7142639160156,103.58499908447266,-0.0531,-0.8877,-0.7882,0.2963,-2.1491
2025-02-19,243.80738830566406,226.6300048828125,184.41741943359375,410.7950744628906,104.33300018310547,0.1636,-0.0088,0.8162,1.2523,0.7221
2025-02-20,244.7632293701172,222.8800048828125,183.71067810058594,412.968505859375,102.4540023803711,0.392,-1.6547,-0.3832,0.5291,-1.801
2025-02-21,244.48443603515625,216.5800018310547,178.83322143554688,405.1086120605469,100.31500244140625,-0.1139,-2.8266,-2.655,-1.9033,-2.0878
2025-02-24,246.0277099609375,212.7100067138672,178.42510986328125,400.9306335449219,98.84700012207031,0.6312,-1.7869,-0.2282,-1.0313,-1.4634
2025-02-25,245.9679718017578,212.8000030517578,174.6127471923828,394.876953125,97.7239990234375,-0.0243,0.0423,-2.1367,-1.5099,-1.1361
2025-02-26,239.3169403076172,214.35000610351562,171.93511962890625,396.69305419921875,99.00599670410156,-2.704,0.7284,-1.5335,0.4599,1.3119
2025-02-27,236.27024841308594,208.74000549316406,167.72457885742188,389.5477600097656,96.30699920654297,-1.2731,-2.6172,-2.4489,-1.8012,-2.7261
2025-02-28,240.79052734375,212.27999877929688,169.4963836669922,393.973876953125,98.05599975585938,1.9132,1.6959,1.0564,1.1362,1.8161
2025-03-03,236.9970703125,205.02000427246094,166.24143981933594,385.5384521484375,97.37000274658203,-1.5754,-3.42,-1.9204,-2.1411,-0.6996
2025-03-04,234.9061737060547,203.8000030517578,170.13345336914062,385.65753173828125,97.25800323486328,-0.8822,-0.5951,2.3412,0.0309,-0.115
2025-03-05,234.7169952392578,208.36000061035156,172.22378540039062,397.9732666015625,99.09200286865234,-0.0805,2.2375,1.2286,3.1934,1.8857
2025-03-06,234.30877685546875,200.6999969482422,171.556884765625,393.8746643066406,90.63600158691406,-0.1739,-3.6763,-0.3872,-1.0299,-8.5335
2025-03-07,238.03256225585938,199.25,173.05990600585938,390.32183837890625,89.11100006103516,1.5893,-0.7225,0.8761,-0.902,-1.6826
2025-03-10,226.49285888671875,194.5399932861328,165.2968292236328,377.2717590332031,86.66799926757812,-4.848,-2.3639,-4.4858,-3.3434,-2.7415
2025-03-11,219.8816680908203,196.58999633789062,163.47315979003906,377.5595397949219,89.51000213623047,-2.9189,1.0538,-1.1033,0.0763,3.2792
2025-03-12,216.0384063720703,198.88999938964844,166.5325469970703,380.35809326171875,91.96800231933594,-1.7479,1.1699,1.8715,0.7412,2.7461
2025-03-13,208.7700958251953,193.88999938964844,162.19760131835938,375.89227294921875,89.01699829101562,-3.3644,-2.514,-2.6031,-1.1741,-3.2087
2025-03-14,212.56358337402344,197.9499969482422,164.91815185546875,385.6079406738281,91.80000305175781,1.8171,2.094,1.6773,2.5847,3.1264
2025-03-17,213.07135009765625,195.74000549316406,163.7222900390625,385.7468566894531,95.00199890136719,0.2389,-1.1164,-0.7251,0.036,3.488
2025-03-18,211.7670135498047,192.82000732421875,160.11480712890625,380.6062316894531,92.99800109863281,-0.6122,-1.4918,-2.2034,-1.3326,-2.1094
2025-03-19,214.3059539794922,195.5399932861328,163.32369995117188,384.8735656738281,95.9489974975586,1.1989,1.4106,2.0041,1.1212,3.1732
2025-03-20,213.17091369628906,194.9499969482422,162.23744201660156,383.9010009765625,95.08399963378906,-0.5296,-0.3017,-0.6651,-0.2527,-0.9015
2025-03-21,217.3227996826172,196.2100067138672,163.42333984375,388.28741455078125,96.02899932861328,1.9477,0.6463,0.731,1.1426,0.9939
2025-03-24,219.7721405029297,203.25999450683594,167.1005859375,390.0935974121094,97.1989974975586,1.1271,3.5931,2.2501,0.4652,1.2184
2025-03-25,222.77903747558594,205.7100067138672,169.9706268310547,392.1578063964844,99.72799682617188,1.3682,1.2054,1.7176,0.5292,2.6019
2025-03-26,220.56866455078125,201.1300048828125,164.48963928222656,387.0072326660156,97.06500244140625,-0.9922,-2.2264,-3.2247,-1.3134,-2.6703
2025-03-27,222.87860107421875,201.36000061035156,161.6793975830078,387.61260986328125,97.6719970703125,1.0473,0.1144,-1.7085,0.1564,0.6253
2025-03-28,216.9544219970703,192.72000122070312,153.79672241210938,375.92205810546875,93.38500213623047,-2.658,-4.2908,-4.8755,-3.016,-4.3892
2025-03-31,221.1660614013672,190.25999450683594,154.1056365966797,372.5379943847656,93.25299835205078,1.9413,-1.2765,0.2009,-0.9002,-0.1414
2025-04-01,222.22146606445312,192.1699981689453,156.52725219726562,379.2863464355469,92.83799743652344,0.4772,1.0039,1.5714,1.8115,-0.445
2025-04-02,222.91842651367188,196.00999450683594,156.49734497070312,379.2367248535156,93.552001953125,0.3136,1.9982,-0.0191,-0.0131,0.7691
2025-04-03,202.30825805664062,178.41000366210938,150.19918823242188,370.27532958984375,91.70500183105469,-9.2456,-8.9791,-4.0244,-2.363,-1.9743
2025-04-04,187.56253051757812,171.0,145.09689331054688,357.1061706542969,85.58599853515625,-7.2887,-4.1534,-3.397,-3.5566,-6.6725
2025-04-07,180.6725616455078,175.25999450683594,146.24290466308594,355.14117431640625,86.78299713134766,-3.6734,2.4912,0.7898,-0.5503,1.3986
2025-04-08,171.67178344726562,170.66000366210938,144.19998168945312,351.8662414550781,87.04000091552734,-4.9818,-2.6247,-1.3969,-0.9221,0.2961
2025-04-09,197.98709106445312,191.10000610351562,158.1615753173828,387.52325439453125,94.5469970703125,15.3288,11.977,9.6821,10.1337,8.6248
2025-04-10,189.5936737060547,181.22000122070312,152.2919464111328,378.45269775390625,92.11699676513672,-4.2394,-5.1701,-3.7112,-2.3406,-2.5702
2025-04-11,197.2901153564453,184.8699951171875,156.5970001220703,385.4988098144531,91.8290023803711,4.0594,2.0141,2.8268,1.8618,-0.3126
2025-04-14,201.64117431640625,182.1199951171875,158.5203399658203,384.8636474609375,93.12799835205078,2.2054,-1.4875,1.2282,-0.1648,1.4146
2025-04-15,201.2628173828125,179.58999633789062,155.76988220214844,382.7994384765625,97.62799835205078,-0.1876,-1.3892,-1.7351,-0.5363,4.8321
2025-04-16,193.42697143554688,174.3300018310547,152.80018615722656,368.7867126464844,96.16300201416016,-3.8933,-2.9289,-1.9065,-3.6606,-1.5006
2025-04-17,196.12521362304688,172.61000061035156,150.63768005371094,364.9858093261719,97.3030014038086,1.395,-0.9866,-1.4153,-1.0307,1.1855
2025-04-21,192.32177734375,167.32000732421875,147.15972900390625,356.3916015625,98.79100036621094,-1.9393,-3.0647,-2.3088,-2.3547,1.5292
2025-04-22,198.8732452392578,173.17999267578125,150.9465789794922,364.0331115722656,104.03399658203125,3.4065,3.5023,2.5733,2.1441,5.3072
2025-04-23,203.71214294433594,180.60000610351562,154.81320190429688,371.5456237792969,104.95899963378906,2.4332,4.2846,2.5616,2.0637,0.8891
2025-04-24,207.4657745361328,186.5399932861328,158.7296142578125,384.35748291015625,109.68699645996094,1.8426,3.289,2.5298,3.4483,4.5046
2025-04-25,208.371826171875,188.99000549316406,161.4003448486328,388.8729553222656,110.15299987792969,0.4367,1.3134,1.6826,1.1748,0.4248
2025-04-28,209.2281036376953,187.6999969482422,160.05502319335938,388.18817138671875,111.03800201416016,0.4109,-0.6826,-0.8335,-0.1761,0.8034
2025-04-29,210.29345703125,187.38999938964844,159.60658264160156,391.0462951660156,112.56400299072266,0.5092,-0.1652,-0.2802,0.7363,1.3743
2025-04-30,211.57785034179688,184.4199981689453,158.2512664794922,392.257080078125,113.1719970703125,0.6108,-1.5849,-0.8492,0.3096,0.5401
2025-05-01,212.39430236816406,190.1999969482422,160.7426300048828,422.16802978515625,113.34700012207031,0.3859,3.1341,1.5743,7.6253,0.1546
2025-05-02,204.45889282226562,189.97999572753906,163.46319580078125,431.97296142578125,115.64900207519531,-3.7362,-0.1157,1.6925,2.3225,2.0309
2025-05-05,198.02691650390625,186.35000610351562,163.64259338378906,432.8562316894531,113.40599822998047,-3.1459,-1.9107,0.1097,0.2045,-1.9395
2025-05-06,197.64854431152344,185.00999450683594,162.66595458984375,430.0179443359375,113.76899719238281,-0.1911,-0.7191,-0.5968,-0.6557,0.3201
2025-05-07,195.3983612060547,188.7100067138672,150.85691833496094,430.0576477050781,115.54100036621094,-1.1385,1.9999,-7.2597,0.0092,1.5575
2025-05-08,196.63299560546875,192.0800018310547,153.74688720703125,434.841064453125,114.44300079345703,0.6319,1.7858,1.9157,1.1123,-0.9503
2025-05-09,197.66848754882812,193.05999755859375,152.22219848632812,435.39678955078125,114.02200317382812,0.5266,0.5102,-0.9917,0.1278,-0.3679
2025-05-12,210.15048217773438,208.63999938964844,157.91246032714844,445.84674072265625,111.0,6.3146,8.07,3.7381,2.4001,-2.6504
2025-05-13,212.2840118408203,211.3699951171875,158.97872924804688,445.7276916503906,113.84400177001953,1.0152,1.3085,0.6752,-0.0267,2.5622
2025-05-14,211.68582153320312,210.25,164.79855346679688,449.498779296875,115.0989990234375,-0.2818,-0.5299,3.6608,0.8461,1.1024
2025-05-15,210.8084716796875,205.1699981689453,163.3934326171875,450.512939453125,117.7979965209961,-0.4145,-2.4162,-0.8526,0.2256,2.3449
2025-05-16,210.6190643310547,205.58999633789062,165.61573791503906,451.6463317871094,119.15299987792969,-0.0898,0.2047,1.3601,0.2516,1.1503
2025-05-19,208.14659118652344,206.16000366210938,165.9645233154297,456.2197570800781,119.16400146484375,-1.1739,0.2773,0.2106,1.0126,0.0092
2025-05-20,206.232421875,204.07000732421875,163.41336059570312,455.5238342285156,119.2020034790039,-0.9196,-1.0138,-1.5372,-0.1525,0.0319
2025-05-21,201.4768829345703,201.1199951171875,167.97755432128906,449.9561767578125,119.46299743652344,-2.3059,-1.4456,2.793,-1.2223,0.219
2025-05-22,200.7490997314453,203.10000610351562,170.27955627441406,452.2329406738281,118.7969970703125,-0.3612,0.9845,1.3704,0.506,-0.5575
2025-05-23,194.67758178710938,200.99000549316406,167.8878631591797,447.5799560546875,118.53900146484375,-3.0244,-1.0389,-1.4046,-1.0289,-0.2172
2025-05-27,199.60260009765625,206.02000427246094,172.30255126953125,458.0292663574219,121.15699768066406,2.5298,2.5026,2.6295,2.3346,2.2086
2025-05-28,199.81195068359375,204.72000122070312,171.76441955566406,454.7184753417969,120.8550033569336,0.1049,-0.631,-0.3123,-0.7228,-0.2493
2025-05-29,199.3433837890625,205.6999969482422,171.26614379882812,456.0308837890625,118.48600006103516,-0.2345,0.4787,-0.2901,0.2886,-1.9602
2025-05-30,200.24066162109375,205.00999450683594,171.1465606689453,457.7011413574219,120.7229995727539,0.4501,-0.3354,-0.0698,0.3663,1.888
2025-06-02,201.08807373046875,206.64999389648438,168.4459228515625,459.3018798828125,121.89800262451172,0.4232,0.8,-1.578,0.3497,0.9733
2025-06-03,202.6533203125,205.7100067138672,165.60577392578125,460.29608154296875,121.79399871826172,0.7784,-0.4549,-1.6861,0.2165,-0.0853
2025-06-04,202.20468139648438,207.22999572753906,167.46929931640625,461.1908874511719,123.96600341796875,-0.2214,0.7389,1.1253,0.1944,1.7833
2025-06-05,200.02133178710938,207.91000366210938,167.62876892089844,464.9788818359375,125.052001953125,-1.0798,0.3281,0.0952,0.8214,0.876
2025-06-06,203.30133056640625,213.57000732421875,173.079833984375,467.663330078125,124.14700317382812,1.6398,2.7223,3.2519,0.5773,-0.7237
2025-06-09,200.83883666992188,216.97999572753906,175.69395446777344,470.0196228027344,122.44599914550781,-1.2113,1.5967,1.5104,0.5038,-1.3702
2025-06-10,202.05511474609375,217.61000061035156,178.1983184814453,468.2002258300781,120.36199951171875,0.6056,0.2904,1.4254,-0.3871,-1.702
2025-06-11,198.17694091796875,213.1999969482422,176.9511260986328,469.8903503417969,121.98799896240234,-1.9194,-2.0266,-0.6999,0.361,1.3509
2025-06-12,198.5956573486328,213.24000549316406,175.30484008789062,476.104248046875,121.50299835205078,0.2113,0.0188,-0.9304,1.3224,-0.3976
2025-06-13,195.85398864746094,212.10000610351562,174.2771453857422,472.2168273925781,121.21499633789062,-1.3805,-0.5346,-0.5862,-0.8165,-0.237
2025-06-16,197.8180389404297,216.10000610351562,176.3724365234375,476.3727111816406,122.53500366210938,1.0028,1.8859,1.2023,0.8801,1.089
2025-06-17,195.0464630126953,214.82000732421875,175.55426025390625,475.279052734375,122.06700134277344,-1.4011,-0.5923,-0.4639,-0.2296,-0.3819
2025-06-18,195.9835968017578,212.52000427246094,172.93020629882812,477.4663391113281,122.22899627685547,0.4805,-1.0707,-1.4947,0.4602,0.1327
2025-06-20,200.39019775390625,209.69000244140625,166.26522827148438,474.64276123046875,123.14099884033203,2.2485,-1.3316,-3.8541,-0.5914,0.7461
2025-06-23,200.888671875,208.47000122070312,164.8184814453125,483.1930847167969,125.35399627685547,0.2488,-0.5818,-0.8701,1.8014,1.7971
2025-06-24,199.6923065185547,212.77000427246094,166.39492797851562,487.2793273925781,127.91100311279297,-0.5955,2.0626,0.9565,0.8457,2.0398
2025-06-25,200.94850158691406,211.99000549316406,170.29612731933594,489.4268798828125,127.5250015258789,0.6291,-0.3666,2.3445,0.4407,-0.3018
2025-06-26,200.39019775390625,217.1199951171875,173.14968872070312,494.57696533203125,130.66700744628906,-0.2778,2.4199,1.6756,1.0523,2.4638
2025-06-27,200.46995544433594,223.3000030517578,178.1284637451172,493.07568359375,132.31199645996094,0.0398,2.8464,2.8754,-0.3035,1.2589
2025-06-30,204.54754638671875,219.38999938964844,175.83364868164062,494.5372009277344,133.91299438476562,2.034,-1.751,-1.2883,0.2964,1.21
2025-07-01,207.18951416015625,220.4600067138672,175.4445343017578,489.2080993652344,129.36000061035156,1.2916,0.4877,-0.2213,-1.0776,-3.4
2025-07-02,211.79550170898438,219.9199981689453,178.23822021484375,488.2536926269531,128.48599243164062,2.2231,-0.2449,1.5923,-0.1951,-0.6756
2025-07-03,212.90213012695312,223.41000366210938,179.126220703125,495.9589538574219,129.71800231933594,0.5225,1.5869,0.4982,1.5781,0.9589
2025-07-07,209.3130340576172,223.47000122070312,176.3923797607422,494.84539794921875,128.96200561523438,-1.6858,0.0269,-1.5262,-0.2245,-0.5828
2025-07-08,209.3728485107422,219.36000061035156,173.9678497314453,493.7517395019531,127.53099822998047,0.0286,-1.8392,-1.3745,-0.221,-1.1096
2025-07-09,210.49942016601562,222.5399932861328,176.2227783203125,500.6019592285156,128.8280029296875,0.5381,1.4497,1.2962,1.3874,1.017
2025-07-10,211.7655792236328,222.25999450683594,177.2205047607422,498.58367919921875,125.05899810791016,0.6015,-0.1258,0.5662,-0.4032,-2.9256
2025-07-11,210.51937866210938,225.02000427246094,179.7847442626953,500.41302490234375,124.51100158691406,-0.5885,1.2418,1.4469,0.3669,-0.4382
2025-07-14,207.98707580566406,225.69000244140625,181.1516571044922,500.1147766113281,126.19499969482422,-1.2029,0.2978,0.7603,-0.0596,1.3525
2025-07-15,208.4755859375,226.35000610351562,181.59068298339844,502.89862060546875,126.0270004272461,0.2349,0.2924,0.2424,0.5566,-0.1331
2025-07-16,209.52239990234375,223.19000244140625,182.55848693847656,502.69976806640625,125.03099822998047,0.5021,-1.3961,0.533,-0.0395,-0.7903
2025-07-17,209.38284301757812,223.8800048828125,183.16712951660156,508.7446594238281,127.41699981689453,-0.0666,0.3092,0.3334,1.2025,1.9083
2025-07-18,210.53929138183594,226.1300048828125,184.64378356933594,507.1041564941406,120.92400360107422,0.5523,1.005,0.8062,-0.3225,-5.0959
2025-07-21,211.83535766601562,229.3000030517578,189.67245483398438,507.1141357421875,123.3270034790039,0.6156,1.4018,2.7234,0.002,1.9872
2025-07-22,213.74952697753906,227.47000122070312,190.90966796875,502.3517761230469,119.00800323486328,0.9036,-0.7981,0.6523,-0.9391,-3.5021
2025-07-23,213.5002899169922,228.2899932861328,189.80215454101562,502.94830322265625,117.6780014038086,-0.1166,0.3605,-0.5801,0.1187,-1.1176
2025-07-24,213.11148071289062,232.22999572753906,191.73780822753906,507.9294128417969,118.07599639892578,-0.1821,1.7259,1.0198,0.9904,0.3382
2025-07-25,213.2311248779297,231.44000244140625,192.74551391601562,510.74310302734375,118.04900360107422,0.0561,-0.3402,0.5256,0.554,-0.0229
2025-07-28,213.40060424804688,232.7899932861328,192.14688110351562,509.5400390625,117.45999908447266,0.0795,0.5833,-0.3106,-0.2356,-0.4989
2025-07-29,210.62904357910156,231.00999450683594,195.3097381591797,509.6096496582031,116.8740005493164,-1.2988,-0.7646,1.6461,0.0137,-0.4989
2025-07-30,208.415771484375,230.19000244140625,196.08799743652344,510.2757568359375,118.41999816894531,-1.0508,-0.355,0.3985,0.1307,1.3228
2025-07-31,206.9402618408203,234.11000061035156,191.46839904785156,530.4187622070312,115.94000244140625,-0.708,1.7029,-2.3559,3.9475,-2.0942
2025-08-01,201.76602172851562,214.75,188.70465087890625,521.0829467773438,115.86000061035156,-2.5004,-8.2696,-1.4434,-1.7601,-0.069
2025-08-04,202.7330780029297,211.64999389648438,194.60133361816406,532.54638671875,117.0989990234375,0.4793,-1.4435,3.1248,2.1999,1.0694
2025-08-05,202.30438232421875,213.75,194.232177734375,524.701904296875,114.78700256347656,-0.2115,0.9922,-0.1897,-1.473,-1.9744
2025-08-06,212.60302734375,222.30999755859375,195.64898681640625,521.908203125,117.8479995727539,5.0907,4.0047,0.7294,-0.5324,2.6667
2025-08-07,219.3624725341797,223.1300048828125,196.07801818847656,517.8318481445312,118.03700256347656,3.1794,0.3689,0.2193,-0.781,0.1604
2025-08-08,228.65420532226562,222.69000244140625,200.9669952392578,519.0249633789062,121.16400146484375,4.2358,-0.1972,2.4934,0.2304,2.6492
2025-08-11,226.74781799316406,221.3000030517578,200.54794311523438,518.7565307617188,121.83100128173828,-0.8337,-0.6242,-0.2085,-0.0517,0.5505
2025-08-12,229.21310424804688,221.47000122070312,202.88267517089844,526.183349609375,122.52799987792969,1.0872,0.0768,1.1642,1.4317,0.5721
2025-08-13,232.88612365722656,224.55999755859375,201.5057830810547,517.5733642578125,120.44400024414062,1.6024,1.3952,-0.6787,-1.6363,-1.7008
2025-08-14,232.33717346191406,230.97999572753906,202.48358154296875,519.4623413085938,123.05599975585938,-0.2357,2.8589,0.4852,0.365,2.1686
2025-08-15,231.1494140625,231.02999877929688,203.44142150878906,517.1657104492188,123.8949966430664,-0.5112,0.0216,0.473,-0.4421,0.6818
2025-08-18,230.45074462890625,231.49000549316406,203.0423126220703,514.1134033203125,124.50900268554688,-0.3023,0.1991,-0.1962,-0.5902,0.4956
2025-08-19,230.1213836669922,228.00999450683594,201.11666870117188,506.8258056640625,121.41500091552734,-0.1429,-1.5033,-0.9484,-1.4175,-2.485
2025-08-20,225.5800323486328,223.80999755859375,198.87173461914062,502.7991943359375,121.38600158691406,-1.9735,-1.842,-1.1162,-0.7945,-0.0239
2025-08-21,224.47213745117188,221.9499969482422,199.3007354736328,502.15185546875,120.62100219726562,-0.4911,-0.8311,0.2157,-0.1287,-0.6302
2025-08-22,227.3267059326172,228.83999633789062,205.62648010253906,505.1295166015625,120.46499633789062,1.2717,3.1043,3.174,0.593,-0.1293
2025-08-25,226.7278594970703,227.94000244140625,208.02110290527344,502.17181396484375,121.80699920654297,-0.2634,-0.3933,1.1645,-0.5855,1.114
2025-08-26,228.87376403808594,228.7100067138672,206.67413330078125,499.96099853515625,122.60900115966797,0.9465,0.3378,-0.6475,-0.4403,0.6584
2025-08-27,230.05152893066406,229.1199951171875,207.01336669921875,504.6415100097656,122.3499984741211,0.5146,0.1793,0.1641,0.9362,-0.2112
2025-08-28,232.11758422851562,231.60000610351562,211.1640167236328,507.5295104980469,123.1449966430664,0.8981,1.0824,2.005,0.5723,0.6498
2025-08-29,231.69837951660156,229.0,212.43116760253906,504.59173583984375,120.82499694824219,-0.1806,-1.1226,0.6001,-0.5788,-1.884
2025-09-02,229.28298950195312,225.33999633789062,210.87466430664062,503.0282287597656,121.41100311279297,-1.0425,-1.5983,-0.7327,-0.3099,0.485
2025-09-03,238.01634216308594,225.99000549316406,230.14122009277344,503.2572937011719,122.61799621582031,3.809,0.2885,9.1365,0.0455,0.9941
2025-09-04,239.3238525390625,235.67999267578125,231.77755737304688,505.866455078125,125.74800109863281,0.5493,4.2878,0.711,0.5185,2.5526
2025-09-05,239.2340087890625,232.3300018310547,234.47146606445312,492.9501647949219,124.38200378417969,-0.0375,-1.4214,1.1623,-2.5533,-1.0863
2025-09-08,237.42745971679688,235.83999633789062,233.72247314453125,496.13690185546875,124.47599792480469,-0.7551,1.5108,-0.3194,0.6465,0.0756
2025-09-09,233.9041748046875,238.24000549316406,239.30491638183594,496.3460388183594,126.32499694824219,-1.4839,1.0176,2.3885,0.0422,1.4854
2025-09-10,226.35855102539062,230.3300018310547,238.84552001953125,498.29791259765625,124.77100372314453,-3.2259,-3.3202,-0.192,0.3932,-1.2302
2025-09-11,229.59239196777344,229.9499969482422,240.0438995361328,498.9352722167969,120.3499984741211,1.4286,-0.165,0.5017,0.1279,-3.5433
2025-09-12,233.62472534179688,228.14999389648438,240.4733123779297,507.7884521484375,118.84400177001953,1.7563,-0.7828,0.1789,1.7744,-1.2513
2025-09-15,236.24969482421875,231.42999267578125,251.26864624023438,513.225830078125,120.22599792480469,1.1236,1.4377,4.4892,1.0708,1.1629
2025-09-16,237.6969451904297,234.0500030517578,250.8192596435547,506.9320068359375,120.0510025024414,0.6126,1.1321,-0.1788,-1.2263,-0.1456
2025-09-17,238.5353546142578,231.6199951171875,249.19146728515625,507.9079284667969,122.8499984741211,0.3527,-1.0382,-0.649,0.1925,2.3315
2025-09-18,237.42745971679688,231.22999572753906,251.68807983398438,506.3444519042969,120.77799987792969,-0.4645,-0.1684,1.0019,-0.3078,-1.6866
2025-09-19,245.032958984375,231.47999572753906,254.3744354248047,515.78515625,122.6969985961914,3.2033,0.1081,1.0673,1.8645,1.5889
2025-09-22,255.5928192138672,227.6300048828125,252.18739318847656,512.319580078125,122.73699951171875,4.3096,-1.6632,-0.8598,-0.6719,0.0326
2025-09-23,253.9459686279297,220.7100067138672,251.31858825683594,507.1212463378906,121.84700012207031,-0.6443,-3.04,-0.3445,-1.0147,-0.7251
2025-09-24,251.8300018310547,220.2100067138672,246.80470275878906,508.0373840332031,120.3949966430664,-0.8332,-0.2265,-1.7961,0.1807,-1.1917
2025-09-25,256.3813171386719,218.14999389648438,245.45654296875,504.9303283691406,120.8239974975586,1.8073,-0.9355,-0.5462,-0.6116,0.3563
2025-09-26,254.97401428222656,219.77999877929688,246.2055206298828,509.34197998046875,121.06099700927734,-0.5489,0.7472,0.3051,0.8737,0.1962
2025-09-29,253.9459686279297,222.1699981689453,243.71890258789062,512.4689331054688,120.64099884033203,-0.4032,1.0875,-1.01,0.6139,-0.3469
2025-09-30,254.14559936523438,219.57000732421875,242.77020263671875,515.8051147460938,119.89199829101562,0.0786,-1.1703,-0.3893,0.651,-0.6209
2025-10-01,254.9640350341797,220.6300048828125,244.5677490234375,517.557861328125,117.08999633789062,0.322,0.4828,0.7404,0.3398,-2.3371
2025-10-02,256.6408386230469,222.41000366210938,245.35667419433594,513.604248046875,116.25299835205078,0.6577,0.8068,0.3226,-0.7639,-0.7148
2025-10-03,257.5291442871094,219.50999450683594,245.01715087890625,515.20751953125,115.33200073242188,0.3461,-1.3039,-0.1384,0.3122,-0.7922
2025-10-06,256.2016906738281,220.89999389648438,250.09024047851562,526.3811645507812,116.33100128173828,-0.5155,0.6332,2.0705,2.1688,0.8662
2025-10-07,255.99208068847656,221.77999877929688,245.42657470703125,521.8101196289062,119.10600280761719,-0.0818,0.3984,-1.8648,-0.8684,2.3854
2025-10-08,257.5690612792969,225.22000122070312,244.2881317138672,522.676513671875,121.42500305175781,0.616,1.5511,-0.4639,0.166,1.947
2025-10-09,253.55670166015625,227.74000549316406,241.2023162841797,520.2366943359375,123.10700225830078,-1.5578,1.1189,-1.2632,-0.4668,1.3852
2025-10-10,244.80340576171875,216.3699951171875,236.2490692138672,508.84405517578125,122.00800323486328,-3.4522,-4.9925,-2.0536,-2.1899,-0.8927
2025-10-13,247.18885803222656,220.07000732421875,243.81875610351562,511.9212341308594,121.90299987792969,0.9744,1.71,3.2041,0.6047,-0.0861
2025-10-14,247.29864501953125,216.38999938964844,245.1169891357422,511.4432373046875,121.53500366210938,0.0444,-1.6722,0.5325,-0.0934,-0.3019
2025-10-15,248.8656463623047,215.57000732421875,250.68942260742188,511.3038024902344,120.3290023803711,0.6336,-0.3789,2.2734,-0.0273,-0.9923
2025-10-16,246.979248046875,214.47000122070312,251.1188507080078,509.4913330078125,118.35900115966797,-0.758,-0.5103,0.1713,-0.3545,-1.6372
2025-10-17,251.81002807617188,213.0399932861328,252.9563446044922,511.4532470703125,119.93599700927734,1.9559,-0.6668,0.7317,0.3851,1.3324
2025-10-20,261.7411193847656,216.47999572753906,256.2019348144531,514.6498413085938,123.85600280761719,3.9439,1.6147,1.2831,0.625,3.2684
2025-10-21,262.2701110839844,222.02999877929688,250.12020874023438,515.5162963867188,124.13500213623047,0.2021,2.5637,-2.3738,0.1684,0.2253
2025-10-22,257.9583435058594,217.9499969482422,251.34854125976562,518.3843994140625,111.63700103759766,-1.644,-1.8376,0.4911,0.5564,-10.0681
2025-10-23,259.0861511230469,221.08999633789062,252.73666381835938,518.404296875,111.35900115966797,0.4372,1.4407,0.5523,0.0038,-0.249
2025-10-24,262.32000732421875,224.2100067138672,259.5673828125,521.441650390625,109.46900177001953,1.2482,1.4112,2.7027,0.5859,-1.6972
2025-10-27,268.2986145019531,226.97000122070312,268.9046630859375,529.3189697265625,109.45600128173828,2.2791,1.231,3.5972,1.5107,-0.0119
2025-10-28,268.4882507324219,229.25,267.1071472167969,539.8252563476562,110.25,0.0707,1.0045,-0.6685,1.9849,0.7254
2025-10-29,269.1869201660156,230.3000030517578,274.197509765625,539.307373046875,110.04100036621094,0.2602,0.458,2.6545,-0.0959,-0.1896
2025-10-30,270.8836669921875,222.86000061035156,281.09814453125,523.582763671875,108.9000015258789,0.6303,-3.2306,2.5167,-2.9157,-1.0369
2025-10-31,269.85565185546875,244.22000122070312,280.8085021972656,515.6656494140625,111.88600158691406,-0.3795,9.5845,-0.103,-1.5121,2.742
2025-11-03,268.53814697265625,254.0,283.3350830078125,514.888916015625,110.00900268554688,-0.4882,4.0046,0.8998,-0.1506,-1.6776
2025-11-04,269.5262756347656,249.32000732421875,277.1634521484375,512.2001342773438,109.2959976196289,0.368,-1.8425,-2.1782,-0.5222,-0.6481
2025-11-05,269.6260986328125,250.1999969482422,283.92425537109375,505.0597839355469,109.84600067138672,0.037,0.353,2.4393,-1.3941,0.5032
2025-11-06,269.25677490234375,243.0399932861328,284.3636779785156,495.04144287109375,109.7020034790039,-0.137,-2.8617,0.1548,-1.9836,-0.1311
2025-11-07,267.9592590332031,244.41000366210938,278.45172119140625,494.7626037597656,110.36599731445312,-0.4819,0.5637,-2.079,-0.0563,0.6053
2025-11-10,269.1781311035156,248.39999389648438,289.7064208984375,503.9045715332031,112.00700378417969,0.4549,1.6325,4.0419,1.8477,1.4869
2025-11-11,274.99267578125,249.10000610351562,290.914794921875,506.573486328125,113.64399719238281,2.1601,0.2818,0.4171,0.5296,1.4615
2025-11-12,273.21435546875,244.1999969482422,286.3210144042969,509.0233154296875,115.75,-0.6467,-1.9671,-1.5791,0.4836,1.8532
2025-11-13,272.6948547363281,237.5800018310547,278.19207763671875,501.205810546875,115.4229965209961,-0.1901,-2.7109,-2.8391,-1.5358,-0.2825
2025-11-14,272.15533447265625,234.69000244140625,276.0350036621094,508.0672607421875,111.21700286865234,-0.1978,-1.2164,-0.7754,1.369,-3.644
2025-11-17,267.2099609375,232.8699951171875,284.63330078125,505.3883972167969,110.29000091552734,-1.8171,-0.7755,3.1149,-0.5273,-0.8335
2025-11-18,267.19000244140625,222.5500030517578,283.8943176269531,491.74517822265625,114.08999633789062,-0.0075,-4.4317,-0.2596,-2.6996,3.4455
2025-11-19,268.3089294433594,222.69000244140625,292.4127502441406,485.1027526855469,110.0,0.4188,0.0629,3.0006,-1.3508,-3.5849
2025-11-20,266.0010986328125,217.13999938964844,289.05731201171875,477.3404846191406,105.66999816894531,-0.8601,-2.4923,-1.1475,-1.6001,-3.9364
2025-11-21,271.2361755371094,220.69000244140625,299.25347900390625,471.04486083984375,104.30999755859375,1.9681,1.6349,3.5274,-1.3189,-1.287
2025-11-24,275.6620788574219,226.27999877929688,318.14776611328125,472.92059326171875,106.97000122070312,1.6318,2.533,6.3138,0.3982,2.5501
2025-11-25,276.7110900878906,229.6699981689453,323.0011901855469,475.90374755859375,104.4000015258789,0.3805,1.4981,1.5255,0.6308,-2.4025
2025-11-26,277.29052734375,229.16000366210938,319.5159606933594,484.3943786621094,106.13999938964844,0.2094,-0.2221,-1.079,1.7841,1.6667
2025-11-28,278.5893249511719,233.22000122070312,319.7456359863281,490.88958740234375,107.58000183105469,0.4684,1.7717,0.0719,1.3409,1.3567
2025-12-01,282.8353576660156,233.8800048828125,314.46282958984375,485.6315612792969,109.12999725341797,1.5241,0.283,-1.6522,-1.0711,1.4408
2025-12-02,285.9224548339844,234.4199981689453,315.38153076171875,488.8841552734375,109.3499984741211,1.0915,0.2309,0.2921,0.6698,0.2016
2025-12-03,283.8843688964844,232.3800048828125,319.19635009765625,476.64208984375,103.95999908447266,-0.7128,-0.8702,1.2096,-2.5041,-4.9291
2025-12-04,280.4375915527344,229.11000061035156,317.1890869140625,479.7449951171875,103.22000122070312,-1.2141,-1.4072,-0.6288,0.651,-0.7118
2025-12-05,278.5193786621094,229.52999877929688,320.8341064453125,482.0597229003906,100.23999786376953,-0.684,0.1833,1.1492,0.4825,-2.887
2025-12-08,277.6302185058594,226.88999938964844,313.49932861328125,489.9018249511719,96.79000091552734,-0.3192,-1.1502,-2.2862,1.6268,-3.4417
2025-12-09,276.9208679199219,227.9199981689453,316.85693359375,490.8995361328125,96.70999908447266,-0.2555,0.454,1.071,0.2037,-0.0827
2025-12-10,278.5193786621094,231.77999877929688,319.9847412109375,477.4701843261719,92.70999908447266,0.5772,1.6936,0.9871,-2.7357,-4.1361
2025-12-11,277.77008056640625,230.27999877929688,312.210205078125,482.3690185546875,94.08999633789062,-0.269,-0.6472,-2.4297,1.026,1.4885
2025-12-12,278.0198669433594,226.19000244140625,309.07244873046875,477.4402770996094,95.19000244140625,0.0899,-1.7761,-1.005,-1.0218,1.1691
2025-12-15,273.8537292480469,222.5399932861328,308.003173828125,473.73870849609375,93.7699966430664,-1.4985,-1.6137,-0.346,-0.7753,-1.4918
2025-12-16,274.353271484375,222.55999755859375,306.3543395996094,475.3051452636719,94.56999969482422,0.1824,0.009,-0.5353,0.3307,0.8532
2025-12-17,271.58587646484375,221.27000427246094,296.5112609863281,475.0357360839844,94.79000091552734,-1.0087,-0.5796,-3.213,-0.0567,0.2326
2025-12-18,271.935546875,226.75999450683594,302.2472229003906,482.87786865234375,94.0,0.1288,2.4811,1.9345,1.6509,-0.8334
2025-12-19,273.4141845703125,227.35000610351562,306.9439392089844,484.8134460449219,94.38999938964844,0.5437,0.2602,1.5539,0.4008,0.4149
2025-12-22,270.7166748046875,228.42999267578125,309.56207275390625,483.81573486328125,93.2300033569336,-0.9866,0.475,0.853,-0.2058,-1.2289
2025-12-23,272.1053771972656,232.13999938964844,314.1288757324219,485.7413330078125,93.5,0.513,1.6241,1.4752,0.398,0.2896
2025-12-24,273.55401611328125,232.3800048828125,313.8690490722656,486.90863037109375,93.63999938964844,0.5324,0.1034,-0.0827,0.2403,0.1497
2025-12-26,273.1444091796875,232.52000427246094,313.2894592285156,486.599365234375,94.47000122070312,-0.1497,0.0602,-0.1847,-0.0635,0.8864
2025-12-29,273.50408935546875,232.07000732421875,313.33941650390625,485.9907531738281,94.1500015258789,0.1317,-0.1935,0.0159,-0.1251,-0.3387
2025-12-30,272.82470703125,232.52999877929688,313.6292419433594,486.3699035644531,93.77999877929688,-0.2484,0.1982,0.0925,0.078,-0.393
2025-12-31,271.6058349609375,230.82000732421875,312.7798156738281,482.5186767578125,93.76000213623047,-0.4468,-0.7354,-0.2708,-0.7918,-0.0213
2026-01-02,270.75665283203125,226.5,314.9283142089844,471.8630065917969,90.98999786376953,-0.3127,-1.8716,0.6869,-2.2083,-2.9544
2026-01-05,267.0101623535156,233.05999755859375,316.3173522949219,471.773193359375,91.45999908447266,-1.3837,2.8962,0.4411,-0.019,0.5165
2026-01-06,262.1147155761719,240.92999267578125,314.1188659667969,477.4203186035156,90.6500015258789,-1.8334,3.3768,-0.695,1.197,-0.8856
2026-01-07,260.08660888671875,241.55999755859375,321.7535095214844,482.3690185546875,90.7300033569336,-0.7737,0.2615,2.4305,1.0365,0.0883
2026-01-08,258.7978515625,246.2899932861328,325.2110595703125,477.0212097167969,90.52999877929688,-0.4955,1.9581,1.0746,-1.1087,-0.2204
2026-01-09,259.1275329589844,247.3800048828125,328.3388671875,478.1885681152344,89.45999908447266,0.1274,0.4426,0.9618,0.2447,-1.1819
2026-01-12,260.0067138671875,246.47000122070312,331.62652587890625,476.09332275390625,89.41000366210938,0.3393,-0.3679,1.0013,-0.4382,-0.0559
2026-01-13,260.8059387207031,242.60000610351562,335.7336730957031,469.5981750488281,90.31999969482422,0.3074,-1.5702,1.2385,-1.3643,1.0178
2026-01-14,259.71697998046875,236.64999389648438,335.603759765625,458.3338928222656,88.55000305175781,-0.4175,-2.4526,-0.0387,-2.3987,-1.9597
2026-01-15,257.9685974121094,238.17999267578125,332.5458984375,455.6200866699219,88.05000305175781,-0.6732,0.6465,-0.9112,-0.5921,-0.5647
2026-01-16,255.29112243652344,239.1199951171875,329.7678527832031,458.8127746582031,88.0,-1.0379,0.3947,-0.8354,0.7007,-0.0568
2026-01-20,246.46937561035156,231.0,321.77349853515625,453.48492431640625,87.26000213623047,-3.4556,-3.3958,-2.4242,-1.1612,-0.8409
2026-01-21,247.41848754882812,231.30999755859375,328.1490173339844,443.0986328125,85.36000061035156,0.3851,0.1342,1.9814,-2.2903,-2.1774
2026-01-22,248.1178436279297,234.33999633789062,330.3074951171875,450.1126403808594,83.54000091552734,0.2827,1.3099,0.6578,1.5829,-2.1321
2026-01-23,247.80812072753906,239.16000366210938,327.6993103027344,464.888916015625,86.12000274658203,-0.1248,2.0568,-0.7896,3.2828,3.0883
2026-01-26,255.17123413085938,238.4199981689453,333.02557373046875,469.20904541015625,85.69999694824219,2.9713,-0.3094,1.6254,0.9293,-0.4877
2026-01-27,258.0285339355469,244.67999267578125,334.31463623046875,479.485595703125,85.58000183105469,1.1198,2.6256,0.3871,2.1902,-0.14
2026-01-28,256.2002868652344,243.00999450683594,335.7736511230469,480.533203125,84.63999938964844,-0.7085,-0.6825,0.4364,0.2185,-1.0984
2026-01-29,258.0385437011719,241.72999572753906,338.0120544433594,432.5128173828125,83.16000366210938,0.7175,-0.5267,0.6666,-9.9931,-1.7486
2026-01-30,259.2374267578125,239.3000030517578,337.7622375488281,429.31011962890625,83.48999786376953,0.4646,-1.0053,-0.0739,-0.7405,0.3968
2026-02-02,269.7575988769531,242.9600067138672,343.4482421875,422.4058837890625,82.76000213623047,4.0581,1.5295,1.6834,-1.6082,-0.8744
2026-02-03,269.22808837890625,238.6199951171875,339.47100830078125,410.2735595703125,79.94000244140625,-0.1963,-1.7863,-1.158,-2.8722,-3.4074
2026-02-04,276.23150634765625,232.99000549316406,332.80572509765625,413.2467956542969,80.16000366210938,2.6013,-2.3594,-1.9634,0.7247,0.2752
2026-02-05,275.6520690917969,222.69000244140625,331.0169677734375,392.7735290527344,80.87000274658203,-0.2098,-4.4208,-0.5375,-4.9542,0.8857
2026-02-06,277.8599853515625,210.32000732421875,322.63287353515625,400.22650146484375,82.19999694824219,0.801,-5.5548,-2.5328,1.8975,1.6446
2026-02-09,274.6199951171875,208.72000122070312,324.09185791015625,412.65814208984375,81.47000122070312,-1.1661,-0.7607,0.4522,3.1062,-0.8881
2026-02-10,273.67999267578125,206.9600067138672,318.3558654785156,412.328857421875,82.20999908447266,-0.3423,-0.8432,-1.7699,-0.0798,0.9083
2026-02-11,275.5,204.0800018310547,310.7412414550781,403.4491271972656,79.62000274658203,0.665,-1.3916,-2.3919,-2.1536,-3.1505
2026-02-12,261.7300109863281,199.60000610351562,308.7826232910156,400.9248962402344,75.86000061035156,-4.9982,-2.1952,-0.6303,-0.6257,-4.7224
2026-02-13,255.77999877929688,198.7899932861328,305.50494384765625,400.4060974121094,76.87000274658203,-2.2733,-0.4058,-1.0615,-0.1294,1.3314
2026-02-17,263.8800048828125,201.14999389648438,301.8075256347656,395.95623779296875,77.0,3.1668,1.1872,-1.2103,-1.1113,0.1691
2026-02-18,264.3500061035156,204.7899932861328,303.1166076660156,398.69000244140625,77.98999786376953,0.1781,1.8096,0.4337,0.6904,1.2857
2026-02-19,260.5799865722656,204.86000061035156,302.636962890625,398.4599914550781,77.0,-1.4261,0.0342,-0.1582,-0.0577,-1.2694
2026-02-20,264.5799865722656,210.11000061035156,314.7584228515625,397.2300109863281,78.66999816894531,1.535,2.5627,4.0053,-0.3087,2.1688
2026-02-23,266.17999267578125,205.27000427246094,311.2708740234375,384.4700012207031,76.0199966430664,0.6047,-2.3036,-1.108,-3.2122,-3.3685
2026-02-24,272.1400146484375,208.55999755859375,310.6813049316406,389.0,78.04000091552734,2.2391,1.6028,-0.1894,1.1782,2.6572
2026-02-25,274.2300109863281,210.63999938964844,312.67987060546875,400.6000061035156,82.69999694824219,0.768,0.9973,0.6433,2.982,5.9713
2026-02-26,272.95001220703125,207.9199981689453,307.1637878417969,401.7200012207031,84.58999633789062,-0.4668,-1.2913,-1.7641,0.2796,2.2854
2026-02-27,264.17999267578125,210.0,311.54071044921875,392.739990234375,96.23999786376953,-3.213,1.0004,1.4249,-2.2354,13.7723
2026-03-02,264.7200012207031,208.38999938964844,306.3043518066406,398.54998779296875,97.08999633789062,0.2044,-0.7667,-1.6808,1.4793,0.8832
2026-03-03,263.75,208.72999572753906,303.3664245605469,403.92999267578125,97.69999694824219,-0.3664,0.1632,-0.9592,1.3499,0.6283
2026-03-04,262.5199890136719,216.82000732421875,302.9167785644531,405.20001220703125,98.66000366210938,-0.4664,3.8758,-0.1482,0.3144,0.9826
2026-03-05,260.2900085449219,218.94000244140625,300.6683349609375,410.67999267578125,99.16999816894531,-0.8495,0.9778,-0.7423,1.3524,0.5169
2026-03-06,257.4599914550781,213.2100067138672,298.30999755859375,408.9599914550781,99.0199966430664,-1.0873,-2.6172,-0.7844,-0.4188,-0.1513
2026-03-09,259.8800048828125,213.49000549316406,306.3599853515625,409.4100036621094,98.31999969482422,0.94,0.1313,2.6985,0.11,-0.7069
2026-03-10,260.8299865722656,214.3300018310547,307.0400085449219,405.760009765625,96.94000244140625,0.3655,0.3935,0.222,-0.8915,-1.4036
2026-03-11,260.80999755859375,212.64999389648438,308.70001220703125,404.8800048828125,94.88999938964844,-0.0077,-0.7838,0.5406,-0.2169,-2.1147
2026-03-12,255.75999450683594,209.52999877929688,303.54998779296875,401.8599853515625,94.30999755859375,-1.9363,-1.4672,-1.6683,-0.7459,-0.6112
2026-03-13,250.1199951171875,207.6699981689453,302.2799987792969,395.54998779296875,95.30999755859375,-2.2052,-0.8877,-0.4184,-1.5702,1.0603
2026-03-16,252.82000732421875,211.74000549316406,305.55999755859375,399.95001220703125,95.19999694824219,1.0795,1.9598,1.0851,1.1124,-0.1154
2026-03-17,254.22999572753906,215.1999969482422,310.9200134277344,399.4100036621094,94.36000061035156,0.5577,1.6341,1.7542,-0.135,-0.8823
2026-03-18,249.94000244140625,209.8699951171875,307.69000244140625,391.7900085449219,94.69999694824219,-1.6874,-2.4768,-1.0389,-1.9078,0.3603
2026-03-19,248.9600067138672,208.75999450683594,307.1300048828125,389.0199890136719,91.73999786376953,-0.3921,-0.5289,-0.182,-0.707,-3.1257
2026-03-20,247.99000549316406,205.3699951171875,301.0,381.8699951171875,91.81999969482422,-0.3896,-1.6239,-1.9959,-1.838,0.0872
2026-03-23,251.49000549316406,210.13999938964844,302.05999755859375,383.0,93.37999725341797,1.4113,2.3226,0.3522,0.2959,1.699
2026-03-24,251.63999938964844,207.24000549316406,290.44000244140625,372.739990234375,90.91999816894531,0.0596,-1.38,-3.8469,-2.6789,-2.6344
2026-03-25,252.6199951171875,211.7100067138672,290.92999267578125,371.0400085449219,92.27999877929688,0.3894,2.1569,0.1687,-0.4561,1.4958
2026-03-26,252.88999938964844,207.5399932861328,280.9200134277344,365.9700012207031,93.31999969482422,0.1069,-1.9697,-3.4407,-1.3664,1.127
2026-03-27,248.8000030517578,199.33999633789062,274.3399963378906,356.7699890136719,93.43000030517578,-1.6173,-3.951,-2.3423,-2.5139,0.1179
2026-03-30,246.6300048828125,200.9499969482422,273.5,358.9599914550781,92.97000122070312,-0.8722,0.8077,-0.3062,0.6138,-0.4923
2026-03-31,253.7899932861328,208.27000427246094,287.55999755859375,370.1700134277344,96.1500015258789,2.9031,3.6427,5.1408,3.1229,3.4205
2026-04-01,255.6300048828125,210.57000732421875,297.3900146484375,369.3699951171875,95.55000305175781,0.725,1.1043,3.4184,-0.2161,-0.624
2026-04-02,255.9199981689453,209.77000427246094,295.7699890136719,373.4599914550781,98.66000366210938,0.1134,-0.3799,-0.5447,1.1073,3.2548
2026-04-06,258.8599853515625,212.7899932861328,299.989990234375,372.8800048828125,98.93000030517578,1.1488,1.4397,1.4268,-0.1553,0.2737
2026-04-07,253.5,213.77000427246094,305.4599914550781,372.2900085449219,98.81999969482422,-2.0706,0.4606,1.8234,-0.1582,-0.1112
2026-04-08,258.8999938964844,221.25,317.32000732421875,374.3299865722656,99.38999938964844,2.1302,3.4991,3.8827,0.548,0.5768
2026-04-09,260.489990234375,233.64999389648438,318.489990234375,373.07000732421875,102.05000305175781,0.6141,5.6045,0.3687,-0.3366,2.6763
2026-04-10,260.4800109863281,238.3800048828125,317.239990234375,370.8699951171875,103.01000213623047,-0.0038,2.0244,-0.3925,-0.5897,0.9407
2026-04-13,259.20001220703125,239.88999938964844,321.30999755859375,384.3699951171875,103.16000366210938,-0.4914,0.6334,1.2829,3.6401,0.1456
2026-04-14,258.8299865722656,249.02000427246094,332.9100036621094,393.1099853515625,106.27999877929688,-0.1428,3.8059,3.6102,2.2738,3.0244
2026-04-15,266.42999267578125,248.5,337.1199951171875,411.2200012207031,107.70999908447266,2.9363,-0.2088,1.2646,4.6069,1.3455
2026-04-16,263.3999938964844,249.6999969482422,336.0199890136719,420.260009765625,107.79000091552734,-1.1373,0.4829,-0.3263,2.1983,0.0743
2026-04-17,270.2300109863281,250.55999755859375,341.67999267578125,422.7900085449219,97.30999755859375,2.593,0.3444,1.6844,0.602,-9.7226
2026-04-20,273.04998779296875,248.27999877929688,337.4200134277344,418.07000732421875,94.83000183105469,1.0435,-0.91,-1.2468,-1.1164,-2.5486
2026-04-21,266.1700134277344,249.91000366210938,332.2900085449219,424.1600036621094,92.58000183105469,-2.5197,0.6565,-1.5204,1.4567,-2.3727
2026-04-22,273.1700134277344,255.36000061035156,339.32000732421875,432.9200134277344,93.23999786376953,2.6299,2.1808,2.1156,2.0653,0.7129
